{
  "cases": [
    {
      "id": "gs1_ideal",
      "label": "gs1 + idealized probe",
      "metrics": {
        "frc50": [
          23.0,
          null
        ],
        "mae": [
          0.18535945735020087,
          0.29566688083881454
        ],
        "ms_ssim": [
          0.8524096385082194,
          0.2568674375105
        ],
        "mse": [
          0.05569668696603209,
          0.19421960798438961
        ],
        "psnr": [
          60.672509980417345,
          55.24787287880472
        ],
        "ssim": [
          0.6202317402694301,
          0.41015347153771914
        ]
      },
      "registration_offset": [
        null,
        null
      ]
    },
    {
      "id": "gs1_custom",
      "label": "gs1 + custom probe",
      "metrics": {
        "frc50": [
          165.0,
          null
        ],
        "mae": [
          0.07200293648617455,
          0.0777512838571753
        ],
        "ms_ssim": [
          0.9809329886316526,
          0.576147792258528
        ],
        "mse": [
          0.008402966725602206,
          0.03261605392468147
        ],
        "psnr": [
          68.8864772792175,
          62.99648944801858
        ],
        "ssim": [
          0.9044216561120993,
          0.8856145027896771
        ]
      },
      "registration_offset": [
        null,
        null
      ]
    },
    {
      "id": "gs2_ideal",
      "label": "gs2 + idealized probe",
      "metrics": {
        "frc50": [
          165.0,
          null
        ],
        "mae": [
          0.05178207,
          0.007872062184046418
        ],
        "ms_ssim": [
          0.9926230713836021,
          0.32794847610441896
        ],
        "mse": [
          0.0047745653,
          0.00014456489382199048
        ],
        "psnr": [
          71.34146526018147,
          86.53017519340607
        ],
        "ssim": [
          0.9517292476131115,
          0.9961365852346478
        ]
      },
      "registration_offset": [
        null,
        null
      ]
    },
    {
      "id": "gs2_custom",
      "label": "gs2 + custom probe",
      "metrics": {
        "frc50": [
          166.0,
          null
        ],
        "mae": [
          0.04017562,
          0.04515778660870372
        ],
        "ms_ssim": [
          0.9938325024585519,
          0.7488545989308988
        ],
        "mse": [
          0.0032384878,
          0.022861035478501306
        ],
        "psnr": [
          73.02738131121986,
          64.53984463548784
        ],
        "ssim": [
          0.9676794432886527,
          0.9657573259843129
        ]
      },
      "registration_offset": [
        null,
        null
      ]
    }
  ],
  "notes": {
    "alignment": "align_for_evaluation using scan coordinates from global_offsets and stitch_patch_size=20",
    "ground_truth": "simulated lines object (objectGuess) cropped to scanned region",
    "metric_source": "ptycho.evaluation.eval_reconstruction",
    "regeneration_date": "2026-02-04",
    "regeneration_scope": "gs1_ideal and gs2_ideal updated on 2026-02-04 (gs2_ideal uses nll_weight=1.0, mae_weight=0.0); other cases remain from 2026-01-27",
    "regeneration_source": ".artifacts/sim_lines_4x_metrics_2026-01-27/gs1_ideal/metrics.json; .artifacts/sim_lines_4x_metrics_2026-01-27/gs2_ideal_nll/metrics.json",
    "registration": "disabled for this regeneration (no registration_offset in workflow output)",
    "test_sampling": "nimgs-train=2, nimgs-test=2, nepochs=60, batch-size=16",
    "test_split": "bottom-half spatial split (y-axis)"
  },
  "title": "SIM-LINES-4X reconstruction metrics"
}
