{
  "cases": [
    {
      "id": "gs1_ideal",
      "label": "gs1 + idealized probe",
      "metrics": {
        "frc50": [
          165.0,
          null
        ],
        "mae": [
          0.06860069766660971,
          0.05761957474385373
        ],
        "ms_ssim": [
          0.9825637560667662,
          0.5580462752060718
        ],
        "mse": [
          0.007925860047199083,
          0.016104143239894255
        ],
        "psnr": [
          69.14033959915446,
          66.06142735611334
        ],
        "ssim": [
          0.913003650229657,
          0.9251405425413088
        ]
      },
      "registration_offset": [
        null,
        null
      ]
    },
    {
      "id": "gs1_custom",
      "label": "gs1 + custom probe",
      "metrics": {
        "frc50": [
          165.0,
          null
        ],
        "mae": [
          0.07200293648617455,
          0.0777512838571753
        ],
        "ms_ssim": [
          0.9809329886316526,
          0.576147792258528
        ],
        "mse": [
          0.008402966725602206,
          0.03261605392468147
        ],
        "psnr": [
          68.8864772792175,
          62.99648944801858
        ],
        "ssim": [
          0.9044216561120993,
          0.8856145027896771
        ]
      },
      "registration_offset": [
        null,
        null
      ]
    },
    {
      "id": "gs2_ideal",
      "label": "gs2 + idealized probe",
      "metrics": {
        "frc50": [
          65.0,
          null
        ],
        "mae": [
          0.057795692,
          0.07886880993990536
        ],
        "ms_ssim": [
          0.9929218132174132,
          0.1817031568724564
        ],
        "mse": [
          0.0057640704,
          0.013986818476853288
        ],
        "psnr": [
          70.52351084711997,
          66.67361422439225
        ],
        "ssim": [
          0.9425888321654929,
          0.8129895974185721
        ]
      },
      "registration_offset": [
        null,
        null
      ]
    },
    {
      "id": "gs2_custom",
      "label": "gs2 + custom probe",
      "metrics": {
        "frc50": [
          166.0,
          null
        ],
        "mae": [
          0.04017562,
          0.04515778660870372
        ],
        "ms_ssim": [
          0.9938325024585519,
          0.7488545989308988
        ],
        "mse": [
          0.0032384878,
          0.022861035478501306
        ],
        "psnr": [
          73.02738131121986,
          64.53984463548784
        ],
        "ssim": [
          0.9676794432886527,
          0.9657573259843129
        ]
      },
      "registration_offset": [
        null,
        null
      ]
    }
  ],
  "notes": {
    "alignment": "align_for_evaluation using scan coordinates from global_offsets and stitch_patch_size=20",
    "ground_truth": "simulated lines object (objectGuess) cropped to scanned region",
    "metric_source": "ptycho.evaluation.eval_reconstruction",
    "registration": "disabled for this regeneration (no registration_offset in workflow output)",
    "test_sampling": "nimgs-train=2, nimgs-test=2, nepochs=60, batch-size=16",
    "test_split": "bottom-half spatial split (y-axis)",
    "regeneration_date": "2026-01-27",
    "regeneration_source": ".artifacts/sim_lines_4x_metrics_2026-01-27/{gs1_ideal,gs1_custom,gs2_ideal,gs2_custom}/metrics.json"
  },
  "title": "SIM-LINES-4X reconstruction metrics"
}
